{"acc":{"0":0.8555840822,"1":0.86035313,"2":0.8545746388,"3":0.8638844302,"4":0.8574638844},"auc":{"0":0.8556619145,"1":0.860363805,"2":0.8546377409,"3":0.863878182,"4":0.857500773},"f1":{"0":0.8575047498,"1":0.8600836282,"2":0.8558701877,"3":0.8631375081,"4":0.8579654511}}